hospital_id,modality,slice_thickness,img_mean,img_std,img_contrast,churn_label
HOSP_000,CT,2.5,499.21703338623047,288.5892959794786,288.5892959794786,1
HOSP_000,CT,2.5,498.55818939208984,289.0234654306827,289.0234654306827,1
HOSP_000,CT,2.5,499.86062240600586,288.9366306837999,288.9366306837999,1
HOSP_000,CT,2.5,500.16675186157227,288.30837180661905,288.30837180661905,1
HOSP_000,CT,2.5,499.9998359680176,288.2668158662081,288.2668158662081,1
HOSP_000,CT,2.5,498.53890228271484,288.5279260489121,288.5279260489121,1
HOSP_000,CT,2.5,500.01488876342773,288.89360974130864,288.89360974130864,1
HOSP_000,CT,2.5,499.4469795227051,288.48378202361374,288.48378202361374,1
HOSP_000,CT,2.5,500.169620513916,288.5068079631012,288.5068079631012,1
HOSP_000,CT,2.5,499.25378036499023,288.63125923248185,288.63125923248185,1
HOSP_001,MR,2.5,499.0701370239258,288.6094602956231,288.6094602956231,0
HOSP_001,MR,2.5,499.0587921142578,288.39124509228753,288.39124509228753,0
HOSP_001,MR,2.5,499.8586235046387,288.7236351457602,288.7236351457602,0
HOSP_001,CT,2.5,499.40282821655273,288.7370855753988,288.7370855753988,0
HOSP_001,CT,2.5,499.81155014038086,288.37383680692557,288.37383680692557,0
HOSP_001,MR,2.5,500.48009872436523,288.45175415510136,288.45175415510136,0
HOSP_001,MR,2.5,499.29401779174805,288.6822449928944,288.6822449928944,0
HOSP_001,CT,2.5,499.5606918334961,288.19921719071453,288.19921719071453,0
HOSP_001,CT,2.5,500.29383850097656,288.7238537875082,288.7238537875082,0
HOSP_001,MR,2.5,499.65187072753906,288.8471439106305,288.8471439106305,0
HOSP_002,CT,2.5,500.0816841125488,288.4133377412746,288.4133377412746,0
HOSP_002,MR,2.5,499.8586540222168,288.48027333235717,288.48027333235717,0
HOSP_002,CT,2.5,499.604793548584,288.5913615441172,288.5913615441172,0
HOSP_002,MR,2.5,499.1613311767578,288.85006122229817,288.85006122229817,0
HOSP_002,CT,2.5,498.93763732910156,288.6933835790967,288.6933835790967,0
HOSP_002,MR,2.5,499.16767501831055,288.56170835855835,288.56170835855835,0
HOSP_002,MR,2.5,499.3942565917969,288.51580529771405,288.51580529771405,0
HOSP_002,MR,2.5,499.88761138916016,289.0339396971222,289.0339396971222,0
HOSP_002,MR,2.5,499.1882133483887,288.5353050033199,288.5353050033199,0
HOSP_002,CT,2.5,499.27501678466797,288.92100206120756,288.92100206120756,0
HOSP_003,CT,2.5,499.8225860595703,288.8286481672792,288.8286481672792,1
HOSP_003,CT,2.5,499.0252342224121,288.48057115261577,288.48057115261577,1
HOSP_003,CT,2.5,498.8123435974121,288.5700656798403,288.5700656798403,1
HOSP_003,CT,2.5,500.2833709716797,289.02658874845014,289.02658874845014,1
HOSP_003,CT,2.5,499.40924072265625,288.97709366100946,288.97709366100946,1
HOSP_003,CT,2.5,499.5504608154297,289.0274180338899,289.0274180338899,1
HOSP_003,CT,2.5,498.5556449890137,288.95561490090694,288.95561490090694,1
HOSP_003,CT,2.5,498.91756439208984,288.4269513355828,288.4269513355828,1
HOSP_003,CT,2.5,499.1097412109375,288.3052548716217,288.3052548716217,1
HOSP_003,MR,2.5,500.2826385498047,288.7014720794953,288.7014720794953,1
HOSP_004,CT,2.5,499.9446220397949,288.84697850649763,288.84697850649763,1
HOSP_004,CT,2.5,499.3254737854004,288.73734594089314,288.73734594089314,1
HOSP_004,CT,2.5,499.61829376220703,288.8882316732303,288.8882316732303,1
HOSP_004,CT,2.5,499.81941986083984,288.73857831087565,288.73857831087565,1
HOSP_004,MR,2.5,499.2162857055664,288.46215759244495,288.46215759244495,1
HOSP_004,CT,2.5,499.70663833618164,288.5702385023728,288.5702385023728,1
HOSP_004,CT,2.5,498.5407600402832,288.3411812232892,288.3411812232892,1
HOSP_004,MR,2.5,498.8468208312988,288.8532629023929,288.8532629023929,1
HOSP_004,CT,2.5,498.2815361022949,288.8578065159739,288.8578065159739,1
HOSP_004,CT,2.5,499.4631690979004,288.9237012785788,288.9237012785788,1
HOSP_005,CT,2.5,499.16135025024414,288.5453276329695,288.5453276329695,0
HOSP_005,MR,2.5,499.0037841796875,288.29570706470344,288.29570706470344,0
HOSP_005,MR,2.5,499.67945861816406,288.6992668569917,288.6992668569917,0
HOSP_005,MR,2.5,499.06277084350586,288.6762346916443,288.6762346916443,0
HOSP_005,CT,2.5,499.2754821777344,288.21220827644413,288.21220827644413,0
HOSP_005,CT,2.5,498.5002899169922,288.6202426548262,288.6202426548262,0
HOSP_005,CT,2.5,499.9493865966797,288.2624084664485,288.2624084664485,0
HOSP_005,CT,2.5,498.8535385131836,288.5197260491553,288.5197260491553,0
HOSP_005,CT,2.5,498.84741592407227,288.4723684065721,288.4723684065721,0
HOSP_005,CT,2.5,499.75413513183594,288.6109395888675,288.6109395888675,0
HOSP_006,CT,2.5,499.1826400756836,288.51442941290776,288.51442941290776,0
HOSP_006,MR,2.5,499.4115333557129,289.09087186809705,289.09087186809705,0
HOSP_006,MR,2.5,500.40352630615234,288.5633528661009,288.5633528661009,0
HOSP_006,MR,2.5,499.2016830444336,288.3775497410939,288.3775497410939,0
HOSP_006,CT,2.5,500.1964569091797,288.73954846821573,288.73954846821573,0
HOSP_006,CT,2.5,498.8487968444824,288.7035268385176,288.7035268385176,0
HOSP_006,CT,2.5,500.21878814697266,288.530094551374,288.530094551374,0
HOSP_006,MR,2.5,499.5266227722168,288.742413931933,288.742413931933,0
HOSP_006,MR,2.5,499.32484436035156,288.5716981009945,288.5716981009945,0
HOSP_006,CT,2.5,499.6635971069336,288.6087048316497,288.6087048316497,0
HOSP_007,CT,2.5,499.3455619812012,288.843906906974,288.843906906974,1
HOSP_007,CT,2.5,499.0825500488281,289.3648686828583,289.3648686828583,1
HOSP_007,MR,2.5,500.10069274902344,288.76951850293096,288.76951850293096,1
HOSP_007,CT,2.5,499.74575424194336,289.2714722610176,289.2714722610176,1
HOSP_007,CT,2.5,498.6662139892578,288.2603597357432,288.2603597357432,1
HOSP_007,CT,2.5,499.252384185791,288.7835079881971,288.7835079881971,1
HOSP_007,CT,2.5,498.6585807800293,288.5990225806336,288.5990225806336,1
HOSP_007,CT,2.5,498.6820068359375,287.9588079272863,287.9588079272863,1
HOSP_007,CT,2.5,499.966854095459,288.5155914893023,288.5155914893023,1
HOSP_007,CT,2.5,498.92166900634766,288.9154298423862,288.9154298423862,1
HOSP_008,MR,2.5,500.4424705505371,289.37865353346876,289.37865353346876,1
HOSP_008,CT,2.5,499.01639556884766,288.61979918112723,288.61979918112723,1
HOSP_008,CT,2.5,499.9147071838379,289.0418925953765,289.0418925953765,1
HOSP_008,CT,2.5,499.26892471313477,288.8992202397991,288.8992202397991,1
HOSP_008,MR,2.5,500.5856018066406,288.7009152334513,288.7009152334513,1
HOSP_008,CT,2.5,498.92346572875977,288.332120034663,288.332120034663,1
HOSP_008,MR,2.5,500.35354232788086,288.83550768017875,288.83550768017875,1
HOSP_008,CT,2.5,499.2593460083008,288.81923652063466,288.81923652063466,1
HOSP_008,CT,2.5,500.5793800354004,288.10645059503463,288.10645059503463,1
HOSP_008,CT,2.5,499.95704650878906,289.049655663376,289.049655663376,1
HOSP_009,MR,2.5,500.50601959228516,288.8990644156647,288.8990644156647,0
HOSP_009,MR,2.5,499.42785263061523,288.2152404569948,288.2152404569948,0
HOSP_009,CT,2.5,500.2784194946289,288.7070121259406,288.7070121259406,0
HOSP_009,CT,2.5,498.69764709472656,288.39426237415074,288.39426237415074,0
HOSP_009,CT,2.5,499.4236526489258,289.0612544841205,289.0612544841205,0
HOSP_009,MR,2.5,499.83531188964844,289.05429454203744,289.05429454203744,0
HOSP_009,CT,2.5,499.701171875,288.91898846598804,288.91898846598804,0
HOSP_009,MR,2.5,500.1294174194336,288.54833995494675,288.54833995494675,0
HOSP_009,CT,2.5,499.0002899169922,288.81486276794243,288.81486276794243,0
HOSP_009,MR,2.5,499.7279510498047,288.70956599231727,288.70956599231727,0
HOSP_010,CT,2.5,499.44153213500977,288.51932162014197,288.51932162014197,1
HOSP_010,CT,2.5,499.4383964538574,288.69684961239415,288.69684961239415,1
HOSP_010,CT,2.5,499.9966506958008,288.7085437892505,288.7085437892505,1
HOSP_010,CT,2.5,498.82474517822266,288.4145912831174,288.4145912831174,1
HOSP_010,CT,2.5,499.4276580810547,288.7515753772108,288.7515753772108,1
HOSP_010,CT,2.5,500.5744819641113,288.7277931805581,288.7277931805581,1
HOSP_010,CT,2.5,499.2358932495117,288.8377193283734,288.8377193283734,1
HOSP_010,CT,2.5,499.8333740234375,288.4738805558392,288.4738805558392,1
HOSP_010,CT,2.5,499.6481513977051,288.65845977372936,288.65845977372936,1
HOSP_010,CT,2.5,500.099666595459,287.9979656797382,287.9979656797382,1
HOSP_011,CT,2.5,499.89570236206055,288.4843323246327,288.4843323246327,0
HOSP_011,MR,2.5,499.7232894897461,288.6444262098291,288.6444262098291,0
HOSP_011,CT,2.5,499.16590118408203,288.6072020923938,288.6072020923938,0
HOSP_011,CT,2.5,500.6297607421875,288.3781458203721,288.3781458203721,0
HOSP_011,MR,2.5,498.94630432128906,288.58988976444925,288.58988976444925,0
HOSP_011,CT,2.5,499.1279487609863,288.42760286039135,288.42760286039135,0
HOSP_011,CT,2.5,499.2237663269043,288.7207952028952,288.7207952028952,0
HOSP_011,CT,2.5,499.24268341064453,288.9400598145127,288.9400598145127,0
HOSP_011,CT,2.5,499.0596923828125,288.8234718015768,288.8234718015768,0
HOSP_011,CT,2.5,499.9762496948242,289.0487598622259,289.0487598622259,0
HOSP_012,CT,2.5,499.56575775146484,288.51353105827377,288.51353105827377,0
HOSP_012,MR,2.5,499.026309967041,288.67785190724027,288.67785190724027,0
HOSP_012,MR,2.5,498.88513565063477,288.6068522046275,288.6068522046275,0
HOSP_012,MR,2.5,498.9961395263672,288.2841626960351,288.2841626960351,0
HOSP_012,MR,2.5,499.2010612487793,288.63466994302354,288.63466994302354,0
HOSP_012,CT,2.5,500.22760009765625,288.6816803962262,288.6816803962262,0
HOSP_012,CT,2.5,499.8834915161133,288.92731688829076,288.92731688829076,0
HOSP_012,CT,2.5,499.6019592285156,288.79678877760847,288.79678877760847,0
HOSP_012,CT,2.5,499.71635818481445,288.49833048539296,288.49833048539296,0
HOSP_012,CT,2.5,499.72107315063477,288.7874775540496,288.7874775540496,0
HOSP_013,CT,2.5,499.22031021118164,288.5850621734978,288.5850621734978,0
HOSP_013,MR,2.5,499.00159072875977,288.5138676074711,288.5138676074711,0
HOSP_013,MR,2.5,499.44916915893555,288.4028482185319,288.4028482185319,0
HOSP_013,MR,2.5,499.73665618896484,288.3264412829174,288.3264412829174,0
HOSP_013,MR,2.5,499.3511772155762,288.4473042879504,288.4473042879504,0
HOSP_013,MR,2.5,499.3727149963379,288.96923882789736,288.96923882789736,0
HOSP_013,CT,2.5,499.4196014404297,288.86114049779155,288.86114049779155,0
HOSP_013,CT,2.5,498.9009819030762,288.42937256038766,288.42937256038766,0
HOSP_013,MR,2.5,499.65591049194336,288.7536667877968,288.7536667877968,0
HOSP_013,CT,2.5,498.98009872436523,288.72075736310796,288.72075736310796,0
HOSP_014,CT,2.5,499.88245391845703,288.15248949189163,288.15248949189163,0
HOSP_014,MR,2.5,498.2395820617676,288.93453103333303,288.93453103333303,0
HOSP_014,MR,2.5,499.6398239135742,288.4685946376442,288.4685946376442,0
HOSP_014,CT,2.5,499.9453315734863,288.8166013560374,288.8166013560374,0
HOSP_014,CT,2.5,498.48691177368164,288.8935978189943,288.8935978189943,0
HOSP_014,CT,2.5,499.8481903076172,288.94627330138246,288.94627330138246,0
HOSP_014,CT,2.5,499.8802070617676,289.0439696152386,289.0439696152386,0
HOSP_014,MR,2.5,499.3287239074707,289.02396879408803,289.02396879408803,0
HOSP_014,CT,2.5,500.416202545166,288.7673996688883,288.7673996688883,0
HOSP_014,MR,2.5,500.1797637939453,288.8626149513106,288.8626149513106,0
HOSP_015,MR,2.5,499.6162757873535,288.5373443670371,288.5373443670371,0
HOSP_015,CT,2.5,499.68899154663086,288.80167728259175,288.80167728259175,0
HOSP_015,MR,2.5,498.9386177062988,288.5312001915106,288.5312001915106,0
HOSP_015,MR,2.5,498.46472930908203,288.66771737670604,288.66771737670604,0
HOSP_015,MR,2.5,499.3399124145508,288.3928474804133,288.3928474804133,0
HOSP_015,MR,2.5,498.90219497680664,288.70684636898324,288.70684636898324,0
HOSP_015,MR,2.5,500.1327896118164,288.7528098599249,288.7528098599249,0
HOSP_015,MR,2.5,499.1994400024414,288.9036994578234,288.9036994578234,0
HOSP_015,MR,2.5,500.3172378540039,288.5431336490069,288.5431336490069,0
HOSP_015,CT,2.5,499.4077796936035,288.195106954117,288.195106954117,0
HOSP_016,CT,2.5,499.30070877075195,288.43261429227056,288.43261429227056,0
HOSP_016,CT,2.5,498.3276252746582,288.52140794064945,288.52140794064945,0
HOSP_016,CT,2.5,499.2621650695801,288.7204988128294,288.7204988128294,0
HOSP_016,CT,2.5,499.21483993530273,288.3681856990072,288.3681856990072,0
HOSP_016,CT,2.5,498.33332443237305,288.6961436950904,288.6961436950904,0
HOSP_016,MR,2.5,498.32361221313477,288.14066590857885,288.14066590857885,0
HOSP_016,MR,2.5,499.9797058105469,289.0552122051305,289.0552122051305,0
HOSP_016,CT,2.5,499.33198165893555,288.6949821712106,288.6949821712106,0
HOSP_016,MR,2.5,500.16942977905273,288.76528629795706,288.76528629795706,0
HOSP_016,MR,2.5,499.6035041809082,288.35938315976733,288.35938315976733,0
HOSP_017,CT,2.5,499.946533203125,288.5225755437413,288.5225755437413,0
HOSP_017,CT,2.5,499.6048240661621,288.4011931677716,288.4011931677716,0
HOSP_017,CT,2.5,500.6545066833496,288.9624027097795,288.9624027097795,0
HOSP_017,CT,2.5,499.60662841796875,289.0067284241169,289.0067284241169,0
HOSP_017,MR,2.5,498.7916831970215,288.5559409465626,288.5559409465626,0
HOSP_017,MR,2.5,499.0574188232422,288.4058947124229,288.4058947124229,0
HOSP_017,CT,2.5,499.5016975402832,288.6755191887481,288.6755191887481,0
HOSP_017,CT,2.5,498.9833106994629,288.54675877957527,288.54675877957527,0
HOSP_017,CT,2.5,498.05977630615234,288.836263236181,288.836263236181,0
HOSP_017,MR,2.5,498.3138313293457,288.85565461739935,288.85565461739935,0
HOSP_018,MR,2.5,499.4531135559082,288.6372822227396,288.6372822227396,1
HOSP_018,CT,2.5,498.50314712524414,288.89859841663747,288.89859841663747,1
HOSP_018,CT,2.5,499.34500885009766,287.9661592808284,287.9661592808284,1
HOSP_018,CT,2.5,499.4709053039551,288.69016510645895,288.69016510645895,1
HOSP_018,CT,2.5,499.7430534362793,288.66757975710146,288.66757975710146,1
HOSP_018,CT,2.5,499.6792335510254,288.5711925781974,288.5711925781974,1
HOSP_018,CT,2.5,499.0987243652344,288.7314306258858,288.7314306258858,1
HOSP_018,MR,2.5,499.0161933898926,289.0120351209875,289.0120351209875,1
HOSP_018,CT,2.5,499.37378311157227,288.83903545537805,288.83903545537805,1
HOSP_018,CT,2.5,500.7311134338379,288.73751270321145,288.73751270321145,1
HOSP_019,MR,2.5,499.7859687805176,288.00018567735185,288.00018567735185,0
HOSP_019,CT,2.5,500.94034576416016,288.5626466662868,288.5626466662868,0
HOSP_019,CT,2.5,500.5064811706543,288.71259867539163,288.71259867539163,0
HOSP_019,CT,2.5,498.99474716186523,288.3577871606102,288.3577871606102,0
HOSP_019,CT,2.5,499.39309310913086,288.87113278512487,288.87113278512487,0
HOSP_019,MR,2.5,499.2827453613281,288.44051190004205,288.44051190004205,0
HOSP_019,CT,2.5,499.7651176452637,288.71589271997857,288.71589271997857,0
HOSP_019,MR,2.5,499.42374420166016,288.586961499843,288.586961499843,0
HOSP_019,CT,2.5,500.5477981567383,288.3277589746451,288.3277589746451,0
HOSP_019,CT,2.5,499.06018447875977,288.4712084776136,288.4712084776136,0
HOSP_020,MR,2.5,499.30137634277344,288.6623551826932,288.6623551826932,0
HOSP_020,CT,2.5,499.7948684692383,289.0387589441433,289.0387589441433,0
HOSP_020,CT,2.5,499.28135681152344,288.4932707575093,288.4932707575093,0
HOSP_020,MR,2.5,498.5004234313965,288.2329746320257,288.2329746320257,0
HOSP_020,CT,2.5,499.006893157959,288.21266140616456,288.21266140616456,0
HOSP_020,MR,2.5,499.03039169311523,288.7855307438174,288.7855307438174,0
HOSP_020,MR,2.5,499.779354095459,288.92581232083467,288.92581232083467,0
HOSP_020,CT,2.5,499.38619232177734,288.55911453612055,288.55911453612055,0
HOSP_020,CT,2.5,500.1505699157715,288.72942498859317,288.72942498859317,0
HOSP_020,CT,2.5,499.44606018066406,288.67909874521376,288.67909874521376,0
HOSP_021,CT,2.5,498.8649673461914,288.78303974334096,288.78303974334096,1
HOSP_021,CT,2.5,498.99865341186523,288.73582480856146,288.73582480856146,1
HOSP_021,CT,2.5,500.1954345703125,288.77421211685447,288.77421211685447,1
HOSP_021,MR,2.5,500.16941833496094,288.9879496599269,288.9879496599269,1
HOSP_021,CT,2.5,500.4131202697754,288.45510829234263,288.45510829234263,1
HOSP_021,CT,2.5,500.8298988342285,288.97521589204223,288.97521589204223,1
HOSP_021,CT,2.5,499.3766746520996,288.8189259954211,288.8189259954211,1
HOSP_021,CT,2.5,498.58911514282227,288.11305412754007,288.11305412754007,1
HOSP_021,CT,2.5,499.9342803955078,289.1398784062039,289.1398784062039,1
HOSP_021,MR,2.5,498.84792709350586,288.5831169618331,288.5831169618331,1
HOSP_022,CT,2.5,499.3235626220703,289.0956175563902,289.0956175563902,0
HOSP_022,CT,2.5,498.8352928161621,288.84925752965245,288.84925752965245,0
HOSP_022,MR,2.5,499.7028160095215,288.55637162504723,288.55637162504723,0
HOSP_022,MR,2.5,499.48765563964844,288.8859078543941,288.8859078543941,0
HOSP_022,MR,2.5,500.18031311035156,288.6119643842184,288.6119643842184,0
HOSP_022,MR,2.5,499.3436393737793,289.2778496481923,289.2778496481923,0
HOSP_022,CT,2.5,499.190860748291,288.85387328321985,288.85387328321985,0
HOSP_022,CT,2.5,500.8083686828613,288.803057732079,288.803057732079,0
HOSP_022,CT,2.5,498.9681587219238,289.0255073670333,289.0255073670333,0
HOSP_022,CT,2.5,498.91976165771484,288.5456051689384,288.5456051689384,0
HOSP_023,CT,2.5,499.0535316467285,288.80513307621146,288.80513307621146,1
HOSP_023,CT,2.5,499.6316566467285,289.11385926056806,289.11385926056806,1
HOSP_023,CT,2.5,499.5962829589844,288.5174375967627,288.5174375967627,1
HOSP_023,CT,2.5,498.7593994140625,288.44470872950416,288.44470872950416,1
HOSP_023,CT,2.5,499.5191993713379,288.80681961552244,288.80681961552244,1
HOSP_023,CT,2.5,500.4646987915039,288.8479457870175,288.8479457870175,1
HOSP_023,MR,2.5,500.3713188171387,289.3188548595007,289.3188548595007,1
HOSP_023,CT,2.5,500.18494033813477,288.5799815342226,288.5799815342226,1
HOSP_023,CT,2.5,498.1435966491699,288.71058763376215,288.71058763376215,1
HOSP_023,CT,2.5,498.6503257751465,288.775465043766,288.775465043766,1
HOSP_024,CT,2.5,499.89420318603516,288.5613564698505,288.5613564698505,1
HOSP_024,CT,2.5,500.4405212402344,288.07557791627136,288.07557791627136,1
HOSP_024,CT,2.5,500.51598358154297,289.025351940428,289.025351940428,1
HOSP_024,CT,2.5,500.0959281921387,288.80330128812915,288.80330128812915,1
HOSP_024,CT,2.5,499.0963706970215,288.72187537673113,288.72187537673113,1
HOSP_024,CT,2.5,500.4799919128418,289.0413079954632,289.0413079954632,1
HOSP_024,CT,2.5,498.4116554260254,288.4839396380012,288.4839396380012,1
HOSP_024,CT,2.5,498.93162536621094,289.0008039130217,289.0008039130217,1
HOSP_024,CT,2.5,499.92199325561523,288.869563672403,288.869563672403,1
HOSP_024,CT,2.5,499.5325241088867,288.5676985879008,288.5676985879008,1
HOSP_025,MR,2.5,499.84423065185547,289.1371755798904,289.1371755798904,0
HOSP_025,MR,2.5,498.2587699890137,288.8191740950167,288.8191740950167,0
HOSP_025,CT,2.5,498.3547477722168,288.3917350343392,288.3917350343392,0
HOSP_025,CT,2.5,499.43177032470703,288.57900217881405,288.57900217881405,0
HOSP_025,MR,2.5,500.56319427490234,288.5175424139622,288.5175424139622,0
HOSP_025,CT,2.5,499.1857604980469,289.2671241024154,289.2671241024154,0
HOSP_025,CT,2.5,499.15032958984375,287.9611855273445,287.9611855273445,0
HOSP_025,MR,2.5,498.67169189453125,288.89312844725856,288.89312844725856,0
HOSP_025,CT,2.5,499.34613037109375,289.01748373026504,289.01748373026504,0
HOSP_025,CT,2.5,499.8490753173828,288.5026529862243,288.5026529862243,0
HOSP_026,CT,2.5,499.7237319946289,288.71465343525625,288.71465343525625,0
HOSP_026,MR,2.5,500.33445739746094,288.49248311127826,288.49248311127826,0
HOSP_026,MR,2.5,498.69947814941406,288.59377550382874,288.59377550382874,0
HOSP_026,MR,2.5,499.4559020996094,288.89751980225145,288.89751980225145,0
HOSP_026,CT,2.5,499.3321838378906,288.9062359736744,288.9062359736744,0
HOSP_026,MR,2.5,497.49525451660156,288.80106027213435,288.80106027213435,0
HOSP_026,CT,2.5,499.71024322509766,289.067228138161,289.067228138161,0
HOSP_026,CT,2.5,499.20387268066406,289.43565060795714,289.43565060795714,0
HOSP_026,MR,2.5,498.6274719238281,288.60984762074537,288.60984762074537,0
HOSP_026,CT,2.5,499.6921043395996,288.44973302302515,288.44973302302515,0
HOSP_027,CT,2.5,498.2108039855957,288.3434152871693,288.3434152871693,0
HOSP_027,CT,2.5,499.3023109436035,289.134421249318,289.134421249318,0
HOSP_027,MR,2.5,499.8185043334961,288.71121786882486,288.71121786882486,0
HOSP_027,CT,2.5,498.53870391845703,288.8714930937445,288.8714930937445,0
HOSP_027,MR,2.5,499.68790435791016,288.97442855829365,288.97442855829365,0
HOSP_027,MR,2.5,499.400203704834,289.0177281841045,289.0177281841045,0
HOSP_027,MR,2.5,499.72420501708984,288.6262311455621,288.6262311455621,0
HOSP_027,MR,2.5,499.7256393432617,288.8047817393941,288.8047817393941,0
HOSP_027,MR,2.5,500.58639907836914,288.080999236987,288.080999236987,0
HOSP_027,MR,2.5,499.5029182434082,288.79385630663694,288.79385630663694,0
HOSP_028,MR,2.5,499.8067398071289,289.0917891032217,289.0917891032217,0
HOSP_028,MR,2.5,499.58838653564453,288.74377946029773,288.74377946029773,0
HOSP_028,CT,2.5,499.1510887145996,288.8079562252919,288.8079562252919,0
HOSP_028,CT,2.5,499.3114433288574,288.91235407061856,288.91235407061856,0
HOSP_028,MR,2.5,500.4206237792969,288.47118535486874,288.47118535486874,0
HOSP_028,CT,2.5,499.27991485595703,289.00301503656436,289.00301503656436,0
HOSP_028,CT,2.5,499.720760345459,289.2488189276058,289.2488189276058,0
HOSP_028,CT,2.5,499.06399154663086,288.21474811971984,288.21474811971984,0
HOSP_028,MR,2.5,498.76479721069336,288.33854869610394,288.33854869610394,0
HOSP_028,MR,2.5,500.0250434875488,288.5513581032589,288.5513581032589,0
HOSP_029,CT,2.5,500.3512992858887,288.65062877387305,288.65062877387305,0
HOSP_029,MR,2.5,500.81034088134766,288.55806531650404,288.55806531650404,0
HOSP_029,MR,2.5,499.0815544128418,288.5784943597716,288.5784943597716,0
HOSP_029,CT,2.5,499.7470245361328,288.84174844987297,288.84174844987297,0
HOSP_029,CT,2.5,499.7376480102539,288.8192616084032,288.8192616084032,0
HOSP_029,MR,2.5,499.63183975219727,288.9956759587121,288.9956759587121,0
HOSP_029,MR,2.5,499.7198715209961,288.79813730218547,288.79813730218547,0
HOSP_029,MR,2.5,498.7222785949707,289.07604283657844,289.07604283657844,0
HOSP_029,CT,2.5,499.40896224975586,288.54657367703396,288.54657367703396,0
HOSP_029,MR,2.5,499.9384231567383,288.5527844463167,288.5527844463167,0
HOSP_030,CT,2.5,499.55713272094727,288.67017305615104,288.67017305615104,0
HOSP_030,MR,2.5,499.77210235595703,288.90275563159406,288.90275563159406,0
HOSP_030,CT,2.5,499.4392395019531,287.9900056390096,287.9900056390096,0
HOSP_030,MR,2.5,498.8705711364746,288.7137970236748,288.7137970236748,0
HOSP_030,CT,2.5,498.8548278808594,288.7566990811264,288.7566990811264,0
HOSP_030,MR,2.5,499.3521842956543,288.83797926603137,288.83797926603137,0
HOSP_030,CT,2.5,499.63414001464844,288.17441936417225,288.17441936417225,0
HOSP_030,MR,2.5,499.884521484375,288.3250785264198,288.3250785264198,0
HOSP_030,MR,2.5,498.6297950744629,288.2122242648246,288.2122242648246,0
HOSP_030,CT,2.5,499.83192443847656,288.7911019972199,288.7911019972199,0
HOSP_031,MR,2.5,499.1987533569336,288.89983867293876,288.89983867293876,0
HOSP_031,CT,2.5,499.7929992675781,288.376432399969,288.376432399969,0
HOSP_031,MR,2.5,500.2359390258789,288.5791353560863,288.5791353560863,0
HOSP_031,MR,2.5,499.62729263305664,288.9169746409381,288.9169746409381,0
HOSP_031,CT,2.5,499.3723449707031,288.57118900529946,288.57118900529946,0
HOSP_031,CT,2.5,498.71994400024414,288.14599357260107,288.14599357260107,0
HOSP_031,CT,2.5,500.21203994750977,289.18683901211125,289.18683901211125,0
HOSP_031,MR,2.5,499.8399429321289,288.67901198682773,288.67901198682773,0
HOSP_031,MR,2.5,499.9611587524414,288.4945726364679,288.4945726364679,0
HOSP_031,MR,2.5,499.54372787475586,288.501632664306,288.501632664306,0
HOSP_032,CT,2.5,500.0914001464844,288.5684405886491,288.5684405886491,1
HOSP_032,CT,2.5,499.59226989746094,288.6974774052294,288.6974774052294,1
HOSP_032,CT,2.5,500.03178787231445,288.26567490340113,288.26567490340113,1
HOSP_032,CT,2.5,498.8261909484863,288.6741796501412,288.6741796501412,1
HOSP_032,CT,2.5,500.0099792480469,288.705461390656,288.705461390656,1
HOSP_032,CT,2.5,499.3219871520996,288.2515202308026,288.2515202308026,1
HOSP_032,CT,2.5,499.7613868713379,288.38546761387045,288.38546761387045,1
HOSP_032,CT,2.5,500.1260643005371,288.4487374243084,288.4487374243084,1
HOSP_032,CT,2.5,498.986270904541,288.69589026028865,288.69589026028865,1
HOSP_032,MR,2.5,499.45359802246094,288.28376869695956,288.28376869695956,1
HOSP_033,CT,2.5,499.4234046936035,288.5331479077745,288.5331479077745,1
HOSP_033,MR,2.5,499.7675590515137,288.8366978716488,288.8366978716488,1
HOSP_033,CT,2.5,498.5091247558594,288.80371830740285,288.80371830740285,1
HOSP_033,CT,2.5,498.83391189575195,288.54583742156495,288.54583742156495,1
HOSP_033,CT,2.5,500.07130432128906,288.6323621837998,288.6323621837998,1
HOSP_033,CT,2.5,500.1069107055664,288.6293246858956,288.6293246858956,1
HOSP_033,CT,2.5,500.1835708618164,288.67105333977764,288.67105333977764,1
HOSP_033,CT,2.5,499.6712951660156,288.69172795294855,288.69172795294855,1
HOSP_033,CT,2.5,499.00443267822266,288.8759400537677,288.8759400537677,1
HOSP_033,CT,2.5,499.26637268066406,288.6301679299933,288.6301679299933,1
HOSP_034,MR,2.5,498.9420967102051,288.36473267005863,288.36473267005863,1
HOSP_034,CT,2.5,500.1656150817871,288.67664315468863,288.67664315468863,1
HOSP_034,CT,2.5,498.9162292480469,288.6303217618673,288.6303217618673,1
HOSP_034,CT,2.5,498.9410400390625,288.9674830290586,288.9674830290586,1
HOSP_034,CT,2.5,498.94164657592773,288.79272693320263,288.79272693320263,1
HOSP_034,CT,2.5,500.0741157531738,288.49790917473615,288.49790917473615,1
HOSP_034,CT,2.5,499.455753326416,288.8221269683918,288.8221269683918,1
HOSP_034,CT,2.5,500.8568649291992,288.42374164197923,288.42374164197923,1
HOSP_034,MR,2.5,498.9503860473633,288.60145224129127,288.60145224129127,1
HOSP_034,CT,2.5,500.1353874206543,288.8422102034109,288.8422102034109,1
HOSP_035,CT,2.5,500.20630264282227,288.65491605099135,288.65491605099135,0
HOSP_035,MR,2.5,499.9120330810547,289.0059910815394,289.0059910815394,0
HOSP_035,MR,2.5,499.0061836242676,288.4667514899253,288.4667514899253,0
HOSP_035,MR,2.5,500.0203399658203,288.56227034503536,288.56227034503536,0
HOSP_035,MR,2.5,499.59546661376953,288.6800835772915,288.6800835772915,0
HOSP_035,MR,2.5,498.8865280151367,288.52455396084645,288.52455396084645,0
HOSP_035,CT,2.5,499.87078857421875,288.5088947673683,288.5088947673683,0
HOSP_035,CT,2.5,499.755916595459,288.5534671401522,288.5534671401522,0
HOSP_035,CT,2.5,500.02632904052734,289.0757876108045,289.0757876108045,0
HOSP_035,CT,2.5,499.50883865356445,288.5369695021306,288.5369695021306,0
HOSP_036,CT,2.5,499.9488983154297,288.9972278728771,288.9972278728771,1
HOSP_036,CT,2.5,498.81349182128906,288.1515732118216,288.1515732118216,1
HOSP_036,CT,2.5,499.2552299499512,288.00326186776556,288.00326186776556,1
HOSP_036,CT,2.5,498.99381256103516,288.82040811141997,288.82040811141997,1
HOSP_036,MR,2.5,500.12440490722656,289.2008603154913,289.2008603154913,1
HOSP_036,CT,2.5,499.1857795715332,289.10706415448544,289.10706415448544,1
HOSP_036,CT,2.5,499.6096725463867,288.3427809563811,288.3427809563811,1
HOSP_036,CT,2.5,498.9698677062988,287.8123785458786,287.8123785458786,1
HOSP_036,CT,2.5,499.8663215637207,288.63032193442444,288.63032193442444,1
HOSP_036,CT,2.5,498.66184997558594,288.56874105834635,288.56874105834635,1
HOSP_037,CT,2.5,499.4151611328125,288.53894225203175,288.53894225203175,0
HOSP_037,CT,2.5,498.0208511352539,288.5374491037912,288.5374491037912,0
HOSP_037,CT,2.5,498.9816665649414,289.0213599834415,289.0213599834415,0
HOSP_037,CT,2.5,498.0005798339844,288.6715453466161,288.6715453466161,0
HOSP_037,CT,2.5,499.21260833740234,288.6766612033905,288.6766612033905,0
HOSP_037,MR,2.5,499.7624931335449,289.0239459586839,289.0239459586839,0
HOSP_037,CT,2.5,500.05579376220703,288.81193386872127,288.81193386872127,0
HOSP_037,CT,2.5,499.4580612182617,288.82663131331776,288.82663131331776,0
HOSP_037,CT,2.5,499.0550422668457,289.0910669530397,289.0910669530397,0
HOSP_037,CT,2.5,499.93461990356445,288.5261762730099,288.5261762730099,0
HOSP_038,CT,2.5,499.13130950927734,288.8716637667679,288.8716637667679,0
HOSP_038,CT,2.5,498.91780853271484,289.34782767278915,289.34782767278915,0
HOSP_038,MR,2.5,499.2735404968262,289.15053794365946,289.15053794365946,0
HOSP_038,MR,2.5,499.5389099121094,288.6813416675441,288.6813416675441,0
HOSP_038,CT,2.5,498.99260330200195,288.7691266923224,288.7691266923224,0
HOSP_038,CT,2.5,498.6233558654785,288.7459032769919,288.7459032769919,0
HOSP_038,CT,2.5,499.0188751220703,288.86658554734316,288.86658554734316,0
HOSP_038,CT,2.5,499.9972229003906,288.597167327117,288.597167327117,0
HOSP_038,CT,2.5,499.8736114501953,288.7172391760548,288.7172391760548,0
HOSP_038,CT,2.5,500.32273864746094,288.1285946107959,288.1285946107959,0
HOSP_039,CT,2.5,499.22586822509766,288.31858683535097,288.31858683535097,0
HOSP_039,MR,2.5,499.96117782592773,288.6446061306635,288.6446061306635,0
HOSP_039,MR,2.5,499.4701042175293,288.39089268357475,288.39089268357475,0
HOSP_039,CT,2.5,499.3263702392578,288.7429927426035,288.7429927426035,0
HOSP_039,MR,2.5,498.9664726257324,288.78499804236634,288.78499804236634,0
HOSP_039,CT,2.5,499.3753128051758,288.56427841166857,288.56427841166857,0
HOSP_039,MR,2.5,498.16014862060547,289.0113617312996,289.0113617312996,0
HOSP_039,CT,2.5,499.2741050720215,288.9580702224193,288.9580702224193,0
HOSP_039,MR,2.5,499.8235054016113,288.92365194327476,288.92365194327476,0
HOSP_039,CT,2.5,499.4597816467285,288.6032111465629,288.6032111465629,0
HOSP_040,MR,2.5,499.15466690063477,288.53325358314095,288.53325358314095,0
HOSP_040,MR,2.5,499.2788734436035,288.2069366125721,288.2069366125721,0
HOSP_040,MR,2.5,500.4870376586914,288.45893709084606,288.45893709084606,0
HOSP_040,CT,2.5,499.1475486755371,288.69449663961785,288.69449663961785,0
HOSP_040,CT,2.5,498.8747100830078,289.0420010347806,289.0420010347806,0
HOSP_040,CT,2.5,499.00112533569336,288.31629962624874,288.31629962624874,0
HOSP_040,MR,2.5,498.95761489868164,288.8242034030684,288.8242034030684,0
HOSP_040,CT,2.5,499.46342849731445,288.7485351881318,288.7485351881318,0
HOSP_040,MR,2.5,499.23900985717773,288.537575995789,288.537575995789,0
HOSP_040,CT,2.5,498.99341201782227,288.7891029839653,288.7891029839653,0
HOSP_041,CT,2.5,498.3139762878418,288.7450433647735,288.7450433647735,0
HOSP_041,CT,2.5,499.301570892334,288.73226577209255,288.73226577209255,0
HOSP_041,MR,2.5,499.6010284423828,288.57379913756193,288.57379913756193,0
HOSP_041,MR,2.5,500.40349197387695,288.80173126427906,288.80173126427906,0
HOSP_041,CT,2.5,499.52478408813477,288.68656354672777,288.68656354672777,0
HOSP_041,MR,2.5,498.7421112060547,288.57390504481396,288.57390504481396,0
HOSP_041,CT,2.5,500.4477844238281,288.71890134437734,288.71890134437734,0
HOSP_041,MR,2.5,498.6154556274414,288.5116976055348,288.5116976055348,0
HOSP_041,MR,2.5,498.95915603637695,288.69954893728817,288.69954893728817,0
HOSP_041,MR,2.5,498.0568656921387,288.749538968222,288.749538968222,0
HOSP_042,CT,2.5,500.2526435852051,288.206389428681,288.206389428681,0
HOSP_042,MR,2.5,500.09489822387695,288.231959180983,288.231959180983,0
HOSP_042,MR,2.5,499.44593811035156,288.4341294631499,288.4341294631499,0
HOSP_042,MR,2.5,498.85812759399414,288.8668513260763,288.8668513260763,0
HOSP_042,MR,2.5,499.01871490478516,288.5219108167252,288.5219108167252,0
HOSP_042,CT,2.5,499.68523025512695,288.84269577819214,288.84269577819214,0
HOSP_042,MR,2.5,499.7096748352051,288.6620840827781,288.6620840827781,0
HOSP_042,MR,2.5,499.7999267578125,288.93371931113006,288.93371931113006,0
HOSP_042,CT,2.5,499.32268142700195,288.4914560603239,288.4914560603239,0
HOSP_042,MR,2.5,498.44725799560547,289.01341725119875,289.01341725119875,0
HOSP_043,MR,2.5,499.2023506164551,288.4914252880318,288.4914252880318,0
HOSP_043,CT,2.5,499.05038833618164,288.13947155815146,288.13947155815146,0
HOSP_043,MR,2.5,499.2843132019043,288.6736890011189,288.6736890011189,0
HOSP_043,CT,2.5,498.8160095214844,289.0959128821016,289.0959128821016,0
HOSP_043,MR,2.5,499.97503662109375,288.0056102831403,288.0056102831403,0
HOSP_043,MR,2.5,499.47365951538086,288.78071495690324,288.78071495690324,0
HOSP_043,CT,2.5,499.61448669433594,288.22095271037,288.22095271037,0
HOSP_043,MR,2.5,498.9123764038086,288.83601022700725,288.83601022700725,0
HOSP_043,MR,2.5,500.22071838378906,288.70486724494174,288.70486724494174,0
HOSP_043,MR,2.5,500.2966499328613,288.78036523007376,288.78036523007376,0
HOSP_044,MR,2.5,499.8147430419922,288.47964680231865,288.47964680231865,0
HOSP_044,MR,2.5,498.26440048217773,288.2855868783851,288.2855868783851,0
HOSP_044,MR,2.5,498.89171600341797,288.4698234540643,288.4698234540643,0
HOSP_044,MR,2.5,498.7284507751465,288.03367055504935,288.03367055504935,0
HOSP_044,CT,2.5,499.69918060302734,288.5478760844491,288.5478760844491,0
HOSP_044,MR,2.5,500.1159019470215,288.51136068226765,288.51136068226765,0
HOSP_044,CT,2.5,499.43148040771484,288.953596998119,288.953596998119,0
HOSP_044,CT,2.5,499.92137145996094,288.7437974886777,288.7437974886777,0
HOSP_044,MR,2.5,499.80826568603516,288.27280362326,288.27280362326,0
HOSP_044,CT,2.5,499.69467544555664,288.9883111558505,288.9883111558505,0
HOSP_045,MR,2.5,498.7107696533203,288.3864917924517,288.3864917924517,0
HOSP_045,MR,2.5,498.99763107299805,288.92809563727326,288.92809563727326,0
HOSP_045,CT,2.5,498.5502700805664,288.51410715622865,288.51410715622865,0
HOSP_045,CT,2.5,499.54316329956055,288.54175077505744,288.54175077505744,0
HOSP_045,CT,2.5,499.7704086303711,288.73286848111144,288.73286848111144,0
HOSP_045,MR,2.5,498.40550231933594,288.413408034826,288.413408034826,0
HOSP_045,MR,2.5,498.8044776916504,288.28702604139045,288.28702604139045,0
HOSP_045,MR,2.5,498.5506401062012,288.3751841091209,288.3751841091209,0
HOSP_045,MR,2.5,500.0162467956543,288.4437611326564,288.4437611326564,0
HOSP_045,MR,2.5,499.7032279968262,288.38306281813124,288.38306281813124,0
HOSP_046,MR,2.5,500.0813102722168,288.22445876466884,288.22445876466884,0
HOSP_046,CT,2.5,499.2871322631836,288.0694426392365,288.0694426392365,0
HOSP_046,MR,2.5,500.6037826538086,288.7982718176207,288.7982718176207,0
HOSP_046,MR,2.5,500.1584167480469,288.45208672449144,288.45208672449144,0
HOSP_046,CT,2.5,499.1779441833496,288.4568478159281,288.4568478159281,0
HOSP_046,MR,2.5,500.28134536743164,288.84530314631286,288.84530314631286,0
HOSP_046,CT,2.5,499.29325103759766,289.08412523772597,289.08412523772597,0
HOSP_046,CT,2.5,498.7763328552246,288.4498217411339,288.4498217411339,0
HOSP_046,MR,2.5,499.66358184814453,288.4445640238427,288.4445640238427,0
HOSP_046,CT,2.5,498.9545783996582,288.4338770028794,288.4338770028794,0
HOSP_047,MR,2.5,499.22437286376953,288.5449945996758,288.5449945996758,0
HOSP_047,MR,2.5,500.0846252441406,289.4854200092904,289.4854200092904,0
HOSP_047,MR,2.5,500.1603584289551,288.91177594946726,288.91177594946726,0
HOSP_047,CT,2.5,499.98835372924805,288.798864478655,288.798864478655,0
HOSP_047,CT,2.5,499.00011825561523,288.815513761845,288.815513761845,0
HOSP_047,MR,2.5,499.9750213623047,288.45968273784047,288.45968273784047,0
HOSP_047,MR,2.5,498.1992950439453,288.86190750402494,288.86190750402494,0
HOSP_047,MR,2.5,499.3227958679199,288.6768145293764,288.6768145293764,0
HOSP_047,CT,2.5,499.80858612060547,288.98722543983877,288.98722543983877,0
HOSP_047,CT,2.5,499.169246673584,288.60147732426503,288.60147732426503,0
HOSP_048,CT,2.5,499.2581901550293,287.97298445034414,287.97298445034414,0
HOSP_048,MR,2.5,498.16625213623047,288.53782674506687,288.53782674506687,0
HOSP_048,MR,2.5,498.26451110839844,288.4688246412704,288.4688246412704,0
HOSP_048,MR,2.5,498.7500877380371,289.07925161618454,289.07925161618454,0
HOSP_048,CT,2.5,498.62609481811523,288.4846412757763,288.4846412757763,0
HOSP_048,CT,2.5,499.4963798522949,288.6707422022218,288.6707422022218,0
HOSP_048,MR,2.5,499.59760665893555,288.93335024325455,288.93335024325455,0
HOSP_048,CT,2.5,499.2834777832031,288.91548887954093,288.91548887954093,0
HOSP_048,CT,2.5,500.1765823364258,288.7519431969698,288.7519431969698,0
HOSP_048,MR,2.5,499.8948860168457,288.7327363940276,288.7327363940276,0
HOSP_049,MR,2.5,499.1101188659668,289.0914479025482,289.0914479025482,0
HOSP_049,CT,2.5,499.4835662841797,288.502469289936,288.502469289936,0
HOSP_049,CT,2.5,498.65600204467773,288.50268867004337,288.50268867004337,0
HOSP_049,MR,2.5,499.15525817871094,288.7815521769821,288.7815521769821,0
HOSP_049,CT,2.5,499.2867851257324,288.5986860448983,288.5986860448983,0
HOSP_049,CT,2.5,500.1863441467285,288.5762921237035,288.5762921237035,0
HOSP_049,CT,2.5,499.4391555786133,288.1157332415495,288.1157332415495,0
HOSP_049,CT,2.5,499.0255432128906,289.10254885786395,289.10254885786395,0
HOSP_049,MR,2.5,498.80225372314453,288.8788105337628,288.8788105337628,0
HOSP_049,CT,2.5,499.28793716430664,288.89410681343765,288.89410681343765,0
